Proc_krawedzi;Dijkstra;BellmanFord
1.0101;15880;13380
1.51515;35300;43340
2.0202;47480;63660
2.52525;55760;82620
3.0303;62120;95660
3.53535;69560;110060
4.0404;72160;115560
4.54545;79800;137120
5.05051;96800;142260
5.55556;83380;139000
6.06061;84580;146200
6.56566;85100;149080
7.07071;87640;155420
7.57576;92260;159480
8.08081;90140;163300
8.58586;116480;179160
9.09091;95740;168600
