Proc_krawedzi;Dijkstra;BellmanFord
1.0101;12860;23540
1.51515;28880;54220
2.0202;46980;94080
2.52525;56420;117260
3.0303;70160;155500
3.53535;80040;178040
4.0404;96940;220440
4.54545;108580;238860
5.05051;131880;269220
5.55556;144980;305700
6.06061;181760;342720
6.56566;191140;379600
7.07071;211380;409760
7.57576;234560;419180
8.08081;278980;483700
8.58586;288700;500640
9.09091;325600;539880
