Wierzcholki;Macierz_sasiedztwa;Lista_sasiedztwa;Lista_krawedzi
2;416.18;7868.6;16683.4
3;1349.34;33773.2;273564
4;2795.84;134314;1.92394e+06
5;5291.24;327805;9.46525e+06
6;9396.82;725658;3.38723e+07
7;14519.5;1.35121e+06;9.774e+07
8;21920.9;95646.9;1.64986e+06
9;32602.5;577481;1.56347e+07
10;49535;81525;1.50896e+07
